Unnamed: 0,ingredient,amount,ingr_annotation,amount_annotation,norm_value,norm_unit
116,apfel elstar,1 stk.,"{""anzahl"": 1, ""einheit"": ""stk.""}","{""zutat"": ""Apfel"", ""eigenschaft"": ""Elstar""}",1.0,stück
456,apfel elstar,1 stk.,"{""anzahl"": 1, ""einheit"": ""stk.""}","{""zutat"": ""Apfel"", ""eigenschaft"": ""Elstar""}",1.0,stück
473,butterschmalz,1 esslöffel,"{""volumen"": 1, ""einheit"": ""essl\u00f6ffel""}","{""zutat"": ""Butterschmalz""}",0.015,liter
489,butterschmalz,1 esslöffel,"{""volumen"": 1, ""einheit"": ""essl\u00f6ffel""}","{""zutat"": ""Butterschmalz""}",0.015,liter
620,butterschmalz,1 esslöffel,"{""volumen"": 1, ""einheit"": ""essl\u00f6ffel""}","{""zutat"": ""Butterschmalz""}",0.015,liter
890,butterschmalz,1 esslöffel,"{""volumen"": 1, ""einheit"": ""essl\u00f6ffel""}","{""zutat"": ""Butterschmalz""}",0.015,liter
420,butterschmalz,2 esslöffel,"{""anzahl"": 2, ""einheit"": ""essl\u00f6ffel""}","{""zutat"": ""Butterschmalz""}",0.03,liter
644,butterschmalz,2 esslöffel,"{""anzahl"": 2, ""einheit"": ""essl\u00f6ffel""}","{""zutat"": ""Butterschmalz""}",0.03,liter
515,curry,1 teelöffel,"{""volumen"": 1, ""einheit"": ""teel\u00f6ffel""}","{""zutat"": ""Curry""}",0.005,liter
533,curry,1 teelöffel,"{""volumen"": 1, ""einheit"": ""teel\u00f6ffel""}","{""zutat"": ""Curry""}",0.005,liter
315,curry,2 tl,"{""volumen"": 2, ""einheit"": ""tl""}","{""zutat"": ""Curry""}",0.01,liter
711,curry,2 tl,"{""volumen"": 2, ""einheit"": ""tl""}","{""zutat"": ""Curry""}",0.01,liter
522,ei,1,"{""anzahl"": 1, ""einheit"": ""St\u00fcck""}","{""zutat"": ""Ei""}",1.0,stück
706,ei,1,"{""anzahl"": 1, ""einheit"": ""St\u00fcck""}","{""zutat"": ""Ei""}",1.0,stück
742,ei,1,"{""anzahl"": 1, ""einheit"": ""St\u00fcck""}","{""zutat"": ""Ei""}",1.0,stück
764,ei,1,"{""anzahl"": 1, ""einheit"": ""St\u00fcck""}","{""zutat"": ""Ei""}",1.0,stück
441,ei,1 stk.,"{""anzahl"": 1, ""einheit"": ""stk.""}","{""zutat"": ""Ei""}",1.0,stück
485,ei,1 stk.,"{""anzahl"": 1, ""einheit"": ""stk.""}","{""zutat"": ""Ei""}",1.0,stück
569,ei,1 stk.,"{""anzahl"": 1, ""einheit"": ""stk.""}","{""zutat"": ""Ei"", ""eigenschaft"": ""stark""}",1.0,stück
641,ei,1 stk.,"{""anzahl"": 1, ""einheit"": ""stk.""}","{""zutat"": ""Ei""}",1.0,stück
147,ei,1 stück,"{""anzahl"": 1, ""einheit"": ""st\u00fcck""}","{""zutat"": ""Ei"", ""eigenschaft"": ""ganz""}",1.0,stück
182,ei,1 stück,"{""anzahl"": 1, ""einheit"": ""st\u00fcck""}","{""zutat"": ""Ei""}",1.0,stück
391,eier,2,"{""anzahl"": 2, ""einheit"": ""St\u00fcck""}","{""zutat"": ""Ei""}",2.0,stück
857,eier,2,"{""anzahl"": 2, ""einheit"": ""St\u00fcck""}","{""zutat"": ""Ei""}",2.0,stück
168,eier,2 stück,"{""anzahl"": 2, ""einheit"": ""st\u00fcck""}","{""zutat"": ""Ei"", ""eigenschaft"": ""St\u00fcck""}",2.0,stück
241,eier,2 stück,"{""anzahl"": 2, ""einheit"": ""st\u00fcck""}","{""zutat"": ""Ei"", ""eigenschaft"": ""frisch""}",2.0,stück
91,endivien frisch,0.5 stk.,"{""anzahl"": 0.5, ""einheit"": ""stk.""}","{""zutat"": ""Endivie"", ""eigenschaft"": ""frisch""}",0.5,stück
442,endivien frisch,0.5 stk.,"{""anzahl"": 0.5, ""einheit"": ""stk.""}","{""zutat"": ""Endivie"", ""eigenschaft"": ""frisch""}",0.5,stück
2,feta,200 g,"{""gewicht"": 200, ""einheit"": ""g""}","{""zutat"": ""Feta""}",200.0,g
763,feta,200 g,"{""gewicht"": 200, ""einheit"": ""g""}","{""zutat"": ""Feta""}",200.0,g
431,fleischbrühe,1 liter,"{""volumen"": 1, ""einheit"": ""liter""}","{""zutat"": ""Fleischbr\u00fche"", ""eigenschaft"": ""fl\u00fcssig""}",1.0,liter
646,fleischbrühe,1 liter,"{""volumen"": 1, ""einheit"": ""liter""}","{""zutat"": ""Br\u00fche"", ""eigenschaft"": ""fleischig""}",1.0,liter
27,frischkäse doppelrahmstufe,150 g,"{""gewicht"": 150, ""einheit"": ""g""}","{""zutat"": ""Frischk\u00e4se"", ""eigenschaft"": ""doppelrahmstufe""}",150.0,g
44,frischkäse doppelrahmstufe,150 g,"{""gewicht"": 150, ""einheit"": ""g""}","{""zutat"": ""Frischk\u00e4se"", ""eigenschaft"": ""Doppelrahmstufe""}",150.0,g
867,frischkäse doppelrahmstufe,150 g,"{""gewicht"": 150, ""einheit"": ""g""}","{""zutat"": ""Frischk\u00e4se"", ""eigenschaft"": ""Doppelrahmstufe""}",150.0,g
841,gelfix  - ,1 pack,"{""anzahl"": 1, ""einheit"": ""pack""}","{""zutat"": ""Gelfix""}",1.0,stück
844,gelfix  - ,1 pack,"{""anzahl"": 1, ""einheit"": ""pack""}","{""zutat"": ""Gelfix""}",1.0,stück
188,gemüsebrühe,120 ml,"{""volumen"": 120, ""einheit"": ""ml""}","{""zutat"": ""Gem\u00fcsebr\u00fche""}",0.12,liter
207,gemüsebrühe,120 ml,"{""volumen"": 120, ""einheit"": ""ml""}","{""zutat"": ""Gem\u00fcsebr\u00fche"", ""eigenschaft"": ""gem\u00fcse""}",0.12,liter
143,hackfleisch gemischt,500 g,"{""gewicht"": 500, ""einheit"": ""g""}","{""zutat"": ""Hackfleisch"", ""eigenschaft"": ""gemischt""}",500.0,g
738,hackfleisch gemischt,500 g,"{""gewicht"": 500, ""einheit"": ""g""}","{""zutat"": ""Hackfleisch"", ""eigenschaft"": ""gemischt""}",500.0,g
832,hackfleisch gemischt,500 g,"{""gewicht"": 500, ""einheit"": ""g""}","{""zutat"": ""Hackfleisch"", ""eigenschaft"": ""gemischt""}",500.0,g
503,ingwer,1 stck,"{""anzahl"": 1, ""einheit"": ""stck""}","{""zutat"": ""Ingwer""}",1.0,stück
761,ingwer,1 stck,"{""anzahl"": 1, ""einheit"": ""stck""}","{""zutat"": ""Ingwer"", ""eigenschaft"": ""frisch""}",1.0,stück
61,karotte,0.5 stk.,"{""anzahl"": 0.5, ""einheit"": ""stk.""}","{""zutat"": ""Karotte""}",0.5,stück
885,karotte,0.5 stk.,"{""anzahl"": 0.5, ""einheit"": ""stk.""}","{""zutat"": ""Karotte""}",0.5,stück
416,karotten gewürfelt,0.5 stk.,"{""anzahl"": 0.5, ""einheit"": ""stk.""}","{""zutat"": ""Karotte"", ""eigenschaft"": ""gew\u00fcrfelt""}",0.5,stück
428,karotten gewürfelt,0.5 stk.,"{""anzahl"": 0.5, ""einheit"": ""stk.""}","{""zutat"": ""Karotte"", ""eigenschaft"": ""gew\u00fcrfelt""}",0.5,stück
785,knoblauch,1 zehe,"{""anzahl"": 1, ""einheit"": ""Zehe""}","{""zutat"": ""Zehe"", ""eigenschaft"": ""Knoblauch""}",1.0,stück
863,knoblauch,1 zehe,"{""anzahl"": 1, ""einheit"": ""Zehe""}","{""zutat"": ""Zehe"", ""eigenschaft"": ""Knoblauch""}",1.0,stück
601,knoblauch frisch,1 zehe,"{""anzahl"": 1, ""einheit"": ""Zehe""}","{""zutat"": ""Zehe"", ""eigenschaft"": ""frisch""}",1.0,stück
715,knoblauch frisch,1 zehe,"{""anzahl"": 1, ""einheit"": ""Zehe""}","{""zutat"": ""Zehe"", ""eigenschaft"": ""frisch""}",1.0,stück
798,knoblauch frisch,1 zehe,"{""anzahl"": 1, ""einheit"": ""Zehe""}","{""zutat"": ""Knoblauch"", ""eigenschaft"": ""frisch""}",1.0,stück
875,knoblauch frisch,1 zehe,"{""anzahl"": 1, ""einheit"": ""Zehe""}","{""zutat"": ""Zehe"", ""eigenschaft"": ""frisch""}",1.0,stück
228,kräuter der provence,1 tl,"{""volumen"": 1, ""einheit"": ""tl""}","{""zutat"": ""Kr\u00e4uter"", ""eigenschaft"": ""aus Provence""}",0.005,liter
233,kräuter der provence,1 tl,"{""volumen"": 1, ""einheit"": ""tl""}","{""zutat"": ""Kr\u00e4uter"", ""eigenschaft"": ""provenzalisch""}",0.005,liter
26,mehl,1 teelöffel,"{""anzahl"": 1, ""einheit"": ""teel\u00f6ffel""}","{""zutat"": ""Mehl""}",0.005,liter
89,mehl,1 teelöffel,"{""anzahl"": 1, ""einheit"": ""teel\u00f6ffel""}","{""zutat"": ""Mehl""}",0.005,liter
524,mehl,2 el,"{""volumen"": 2, ""einheit"": ""el""}","{""zutat"": ""Mehl""}",0.03,liter
766,mehl,2 el,"{""volumen"": 2, ""einheit"": ""el""}","{""zutat"": ""Mehl""}",0.03,liter
439,olivenöl extra vergine,2 esslöffel,"{""anzahl"": 2, ""einheit"": ""essl\u00f6ffel""}","{""zutat"": ""\u00d6l"", ""eigenschaft"": ""extra vergine""}",0.03,liter
563,olivenöl extra vergine,2 esslöffel,"{""anzahl"": 2, ""einheit"": ""essl\u00f6ffel""}","{""zutat"": ""\u00d6l"", ""eigenschaft"": ""extra vergine""}",0.03,liter
196,olivenöl extra vergine,3 el,"{""volumen"": 3, ""einheit"": ""el""}","{""zutat"": ""\u00d6l"", ""eigenschaft"": ""extra vergine""}",0.045,liter
777,olivenöl extra vergine,3 el,"{""volumen"": 3, ""einheit"": ""el""}","{""zutat"": ""\u00d6l"", ""eigenschaft"": ""extra vergine""}",0.045,liter
45,orange,1 stk.,"{""anzahl"": 1, ""einheit"": ""stk.""}","{""zutat"": ""Orange"", ""eigenschaft"": ""orange""}",1.0,stück
733,orange,1 stk.,"{""anzahl"": 1, ""einheit"": ""stk.""}","{""zutat"": ""Orange"", ""eigenschaft"": ""orange""}",1.0,stück
1,paprika rot,2,"{""anzahl"": 2, ""einheit"": ""St\u00fcck""}","{""zutat"": ""Paprika"", ""eigenschaft"": ""rot""}",2.0,stück
36,paprika rot,2,"{""anzahl"": 2, ""einheit"": ""St\u00fcck""}","{""zutat"": ""Paprika"", ""eigenschaft"": ""rot""}",2.0,stück
688,parmesan gerieben,1 esslöffel,"{""volumen"": ""1"", ""einheit"": ""essl\u00f6ffel""}","{""zutat"": ""Parmesan"", ""eigenschaft"": ""gerieben""}",0.015,liter
699,parmesan gerieben,1 esslöffel,"{""volumen"": ""1"", ""einheit"": ""essl\u00f6ffel""}","{""zutat"": ""Parmesan"", ""eigenschaft"": ""gerieben""}",0.015,liter
709,peperoni,1,"{""anzahl"": 1, ""einheit"": ""St\u00fcck""}","{""zutat"": ""Peperoni""}",1.0,stück
816,peperoni,1,"{""anzahl"": 1, ""einheit"": ""St\u00fcck""}","{""zutat"": ""Peperoni""}",1.0,stück
425,pfeffer aus der mühleschwarz,1 prise,"{""anzahl"": 1, ""einheit"": ""Prise""}","{""zutat"": ""Pfeffer"", ""eigenschaft"": ""schwarz""}",0.0005,liter
591,pfeffer aus der mühleschwarz,1 prise,"{""anzahl"": 1, ""einheit"": ""Prise""}","{""zutat"": ""Pfeffer"", ""eigenschaft"": ""m\u00fchleschwarz""}",0.0005,liter
51,radieschen frisch,3 stk.,"{""anzahl"": 3, ""einheit"": ""stk.""}","{""zutat"": ""Radieschen"", ""eigenschaft"": ""frisch""}",3.0,stück
886,radieschen frisch,3 stk.,"{""anzahl"": 3, ""einheit"": ""stk.""}","{""zutat"": ""Radieschen"", ""eigenschaft"": ""frisch""}",3.0,stück
56,rapsöl,2 esslöffel,"{""anzahl"": 2, ""einheit"": ""essl\u00f6ffel""}","{""zutat"": ""\u00d6l"", ""eigenschaft"": ""Raps-""}",0.03,liter
693,rapsöl,2 esslöffel,"{""anzahl"": 2, ""einheit"": ""essl\u00f6ffel""}","{""zutat"": ""\u00d6l"", ""eigenschaft"": ""Raps-""}",0.03,liter
337,rapsöl,4 esslöffel,"{""anzahl"": 4, ""einheit"": ""essl\u00f6ffel""}","{""zutat"": ""\u00d6l"", ""eigenschaft"": ""Raps""}",0.06,liter
459,rapsöl,4 esslöffel,"{""anzahl"": 4, ""einheit"": ""essl\u00f6ffel""}","{""zutat"": ""\u00d6l"", ""eigenschaft"": ""Raps-""}",0.06,liter
586,rapsöl,4 esslöffel,"{""anzahl"": 4, ""einheit"": ""essl\u00f6ffel""}","{""zutat"": ""\u00d6l"", ""eigenschaft"": ""Raps""}",0.06,liter
271,rapsöl,4 tl,"{""volumen"": 4, ""einheit"": ""tl""}","{""zutat"": ""\u00d6l"", ""eigenschaft"": ""Raps""}",0.02,liter
398,rapsöl,4 tl,"{""volumen"": 4, ""einheit"": ""tl""}","{""zutat"": ""\u00d6l"", ""eigenschaft"": ""Raps""}",0.02,liter
583,rotkohl frisch,0.25 kopf,"{""anzahl"": 0.25, ""einheit"": ""kopf""}","{""zutat"": ""Rotkohl"", ""eigenschaft"": ""frisch""}",0.25,stück
589,rotkohl frisch,0.25 kopf,"{""anzahl"": 0.25, ""einheit"": ""kopf""}","{""zutat"": ""Rotkohl"", ""eigenschaft"": ""frisch""}",0.25,stück
73,rüböl  rapsöl ,1 tl,"{""volumen"": 1, ""einheit"": ""tl""}","{""zutat"": ""\u00d6l"", ""eigenschaft"": ""R\u00fcb\u00f6l""}",0.005,liter
361,rüböl  rapsöl ,1 tl,"{""volumen"": 1, ""einheit"": ""tl""}","{""zutat"": ""\u00d6l"", ""eigenschaft"": ""R\u00fcb-""}",0.005,liter
713,sahne,200 ml,"{""volumen"": 200, ""einheit"": ""ml""}","{""zutat"": ""Sahne"", ""eigenschaft"": ""fl\u00fcssig""}",0.2,liter
856,sahne,200 ml,"{""volumen"": 200, ""einheit"": ""ml""}","{""zutat"": ""Sahne"", ""eigenschaft"": ""fl\u00fcssig""}",0.2,liter
873,sahne,200 ml,"{""volumen"": 200, ""einheit"": ""ml""}","{""zutat"": ""Sahne""}",0.2,liter
234,salatgurke,1 stück,"{""anzahl"": 1, ""einheit"": ""st\u00fcck""}","{""zutat"": ""Salatgurke""}",1.0,stück
578,salatgurke,1 stück,"{""anzahl"": 1, ""einheit"": ""st\u00fcck""}","{""zutat"": ""Salatgurke""}",1.0,stück
778,salz,1 prise,"{""anzahl"": 1, ""einheit"": ""Prise"", ""zutat"": ""salz""}","{""zutat"": ""Salz"", ""eigenschaft"": ""Prise""}",0.0005,liter
908,salz,1 prise,"{""anzahl"": 1, ""einheit"": ""Prise"", ""zutat"": ""salz""}","{""zutat"": ""Salz"", ""eigenschaft"": ""Prise""}",0.0005,liter
377,salz,10 g,"{""gewicht"": 10, ""einheit"": ""g""}","{""zutat"": ""Salz"", ""eigenschaft"": ""fein""}",10.0,g
384,salz,10 g,"{""gewicht"": 10, ""einheit"": ""g""}","{""zutat"": ""Salz""}",10.0,g
110,salz grob,1 teelöffel,"{""anzahl"": 1, ""einheit"": ""teel\u00f6ffel""}","{""zutat"": ""Salz"", ""eigenschaft"": ""grob""}",0.005,liter
334,salz grob,1 teelöffel,"{""anzahl"": 1, ""einheit"": ""teel\u00f6ffel""}","{""zutat"": ""Salz"", ""eigenschaft"": ""grob""}",0.005,liter
457,salz grob,1 teelöffel,"{""anzahl"": 1, ""einheit"": ""teel\u00f6ffel""}","{""zutat"": ""Salz"", ""eigenschaft"": ""grob""}",0.005,liter
561,salz grob,1 teelöffel,"{""anzahl"": 1, ""einheit"": ""teel\u00f6ffel""}","{""zutat"": ""Salz"", ""eigenschaft"": ""grob""}",0.005,liter
574,salz grob,1 teelöffel,"{""anzahl"": 1, ""einheit"": ""teel\u00f6ffel""}","{""zutat"": ""Salz"", ""eigenschaft"": ""grob""}",0.005,liter
653,salz grob,1 teelöffel,"{""anzahl"": 1, ""einheit"": ""teel\u00f6ffel""}","{""zutat"": ""Salz"", ""eigenschaft"": ""grob""}",0.005,liter
183,saure sahne     fett,2 el,"{""volumen"": 2, ""einheit"": ""el""}","{""zutat"": ""Sahne"", ""eigenschaft"": ""fett""}",0.03,liter
278,saure sahne     fett,2 el,"{""volumen"": 2, ""einheit"": ""el""}","{""zutat"": ""Sahne"", ""eigenschaft"": ""fett""}",0.03,liter
9,schmand,1 becher,"{""volumen"": 1, ""einheit"": ""becher""}","{""zutat"": ""Schmand""}",0.25,liter
664,schmand,1 becher,"{""volumen"": 1, ""einheit"": ""becher""}","{""zutat"": ""Schmand""}",0.25,liter
846,schmand,1 becher,"{""volumen"": 1, ""einheit"": ""becher""}","{""zutat"": ""Schmand""}",0.25,liter
115,schmand,50 g,"{""gewicht"": 50, ""einheit"": ""g""}","{""zutat"": ""Schmand"", ""eigenschaft"": ""rahmig""}",50.0,g
782,schmand,50 g,"{""gewicht"": 50, ""einheit"": ""g""}","{""zutat"": ""Schmand"", ""eigenschaft"": ""sahnig""}",50.0,g
86,schnittlauch frisch gehackt,2 esslöffel,"{""anzahl"": 2, ""einheit"": ""essl\u00f6ffel""}","{""zutat"": ""Schnittlauch"", ""eigenschaft"": ""gehackt""}",0.03,liter
477,schnittlauch frisch gehackt,2 esslöffel,"{""anzahl"": 2, ""einheit"": ""essl\u00f6ffel""}","{""zutat"": ""Schnittlauch"", ""eigenschaft"": ""gehackt""}",0.03,liter
57,senf grob mittelscharf,1 teelöffel,"{""volumen"": 1, ""einheit"": ""teel\u00f6ffel""}","{""zutat"": ""Senf"", ""eigenschaft"": ""mittelscharf""}",0.005,liter
96,senf grob mittelscharf,1 teelöffel,"{""volumen"": 1, ""einheit"": ""teel\u00f6ffel""}","{""zutat"": ""Senf"", ""eigenschaft"": ""mittelscharf""}",0.005,liter
840,stevia flüssig,10 ml,"{""volumen"": 10, ""einheit"": ""ml""}","{""zutat"": ""Stevia"", ""eigenschaft"": ""fl\u00fcssig""}",0.01,liter
843,stevia flüssig,10 ml,"{""volumen"": 10, ""einheit"": ""ml""}","{""zutat"": ""Stevia"", ""eigenschaft"": ""fl\u00fcssig""}",0.01,liter
159,tomaten frisch,4 stück,"{""anzahl"": 4, ""einheit"": ""st\u00fcck""}","{""zutat"": ""Tomate"", ""eigenschaft"": ""frisch""}",4.0,stück
185,tomaten frisch,4 stück,"{""anzahl"": 4, ""einheit"": ""st\u00fcck""}","{""zutat"": ""Tomate"", ""eigenschaft"": ""frisch""}",4.0,stück
306,tomatenmark dreifachkonzentriert,1 esslöffel,"{""volumen"": ""1"", ""einheit"": ""essl\u00f6ffel""}","{""zutat"": ""Tomatenmark"", ""eigenschaft"": ""dreifachkonzentriert""}",0.015,liter
623,tomatenmark dreifachkonzentriert,1 esslöffel,"{""volumen"": ""1"", ""einheit"": ""essl\u00f6ffel""}","{""zutat"": ""Tomatenmark"", ""eigenschaft"": ""dreifachkonzentriert""}",0.015,liter
64,wasser,1 liter,"{""volumen"": 1, ""einheit"": ""liter""}","{""zutat"": ""Wasser"", ""eigenschaft"": ""liter""}",1.0,liter
649,wasser,1 liter,"{""volumen"": 1, ""einheit"": ""liter""}","{""zutat"": ""Wasser"", ""eigenschaft"": ""fl\u00fcssig""}",1.0,liter
90,wasser,100 ml,"{""volumen"": 100, ""einheit"": ""ml""}","{""zutat"": ""Wasser"", ""eigenschaft"": ""fl\u00fcssig""}",0.1,liter
631,wasser,100 ml,"{""volumen"": 100, ""einheit"": ""ml""}","{""zutat"": ""Wasser"", ""eigenschaft"": ""fl\u00fcssig""}",0.1,liter
83,wasser,200 ml,"{""volumen"": 200, ""einheit"": ""ml""}","{""zutat"": ""Wasser"", ""eigenschaft"": ""fl\u00fcssig""}",0.2,liter
666,wasser,200 ml,"{""volumen"": 200, ""einheit"": ""ml""}","{""zutat"": ""Wasser"", ""eigenschaft"": ""fl\u00fcssig""}",0.2,liter
172,wasser gesalzen,0.5 liter,"{""volumen"": 0.5, ""einheit"": ""liter""}","{""zutat"": ""Wasser"", ""eigenschaft"": ""gesalzen""}",0.5,liter
176,wasser gesalzen,0.5 liter,"{""volumen"": 0.5, ""einheit"": ""liter""}","{""zutat"": ""Wasser"", ""eigenschaft"": ""gesalzen""}",0.5,liter
79,wasser gesalzen,1 ½ liter,"{""volumen"": ""1 \u00bd"", ""einheit"": ""liter""}","{""zutat"": ""Wasser"", ""eigenschaft"": ""gesalzen""}",1.5,liter
474,wasser gesalzen,1 ½ liter,"{""volumen"": ""1 \u00bd"", ""einheit"": ""liter""}","{""zutat"": ""Wasser"", ""eigenschaft"": ""gesalzen""}",1.5,liter
495,wasser gesalzen,1 ½ liter,"{""volumen"": ""1 \u00bd"", ""einheit"": ""liter""}","{""zutat"": ""Wasser"", ""eigenschaft"": ""gesalzen""}",1.5,liter
97,weinessig,2 esslöffel,"{""volumen"": 2, ""einheit"": ""essl\u00f6ffel""}","{""zutat"": ""Essig"", ""eigenschaft"": ""wei\u00df""}",0.03,liter
336,weinessig,2 esslöffel,"{""volumen"": 2, ""einheit"": ""essl\u00f6ffel""}","{""zutat"": ""Essig"", ""eigenschaft"": ""wei\u00df""}",0.03,liter
295,zitrone,1,"{""anzahl"": 1, ""einheit"": ""St\u00fcck""}","{""zutat"": ""Zitrone""}",1.0,stück
526,zitrone,1,"{""anzahl"": 1, ""einheit"": ""St\u00fcck""}","{""zutat"": ""Zitrone""}",1.0,stück
108,zitronensaft,2 esslöffel,"{""volumen"": 2, ""einheit"": ""essl\u00f6ffel""}","{""zutat"": ""Zitronensaft""}",0.03,liter
460,zitronensaft,2 esslöffel,"{""volumen"": 2, ""einheit"": ""essl\u00f6ffel""}","{""zutat"": ""Zitronensaft""}",0.03,liter
0,zucchini,1,"{""anzahl"": 1, ""einheit"": ""St\u00fcck""}","{""zutat"": ""Zucchini""}",1.0,stück
525,zucchini,1,"{""anzahl"": 1, ""einheit"": ""St\u00fcck""}","{""zutat"": ""Zucchini""}",1.0,stück
514,zucchini,1 stk.,"{""anzahl"": 1, ""einheit"": ""stk.""}","{""zutat"": ""Zucchini"", ""eigenschaft"": ""stark""}",1.0,stück
619,zucchini,1 stk.,"{""anzahl"": 1, ""einheit"": ""stk.""}","{""zutat"": ""Zucchini""}",1.0,stück
347,zucker,1 prise,"{""anzahl"": 1, ""einheit"": ""Prise""}","{""zutat"": ""Zucker"", ""eigenschaft"": ""Prise""}",0.0005,liter
734,zucker,1 prise,"{""anzahl"": 1, ""einheit"": ""Prise""}","{""zutat"": ""Zucker"", ""eigenschaft"": ""Prise""}",0.0005,liter
790,zucker,1 prise,"{""anzahl"": 1, ""einheit"": ""Prise""}","{""zutat"": ""Zucker"", ""eigenschaft"": ""Prise""}",0.0005,liter
95,zucker,1 prise,"{""anzahl"": 1, ""einheit"": ""prise"", ""zutat"": ""zucker""}","{""zutat"": ""Zucker"", ""eigenschaft"": ""Prise""}",0.0005,liter
173,zucker,1 prise,"{""anzahl"": 1, ""einheit"": ""prise"", ""zutat"": ""zucker""}","{""zutat"": ""Zucker"", ""eigenschaft"": ""Prise""}",0.0005,liter
224,zucker,1 prise,"{""anzahl"": 1, ""einheit"": ""prise"", ""zutat"": ""zucker""}","{""zutat"": ""Zucker"", ""eigenschaft"": ""Prise""}",0.0005,liter
338,zucker,1 prise,"{""anzahl"": 1, ""einheit"": ""prise"", ""zutat"": ""zucker""}","{""zutat"": ""Zucker"", ""eigenschaft"": ""Prise""}",0.0005,liter
582,zucker,1 prise,"{""anzahl"": 1, ""einheit"": ""prise"", ""zutat"": ""zucker""}","{""zutat"": ""Zucker"", ""eigenschaft"": ""Prise""}",0.0005,liter
588,zucker,1 prise,"{""anzahl"": 1, ""einheit"": ""prise"", ""zutat"": ""zucker""}","{""zutat"": ""Zucker"", ""eigenschaft"": ""Prise""}",0.0005,liter
652,zucker,1 prise,"{""anzahl"": 1, ""einheit"": ""prise"", ""zutat"": ""zucker""}","{""zutat"": ""Zucker"", ""eigenschaft"": ""Prise""}",0.0005,liter
599,zwiebel,1,"{""anzahl"": 1, ""einheit"": ""St\u00fcck""}","{""zutat"": ""Zwiebel""}",1.0,stück
743,zwiebel,1,"{""anzahl"": 1, ""einheit"": ""St\u00fcck""}","{""zutat"": ""Zwiebel""}",1.0,stück
759,zwiebel,1,"{""anzahl"": 1, ""einheit"": ""St\u00fcck""}","{""zutat"": ""Zwiebel""}",1.0,stück
814,zwiebel,1,"{""anzahl"": 1, ""einheit"": ""St\u00fcck""}","{""zutat"": ""Zwiebel""}",1.0,stück
847,zwiebel,1,"{""anzahl"": 1, ""einheit"": ""St\u00fcck""}","{""zutat"": ""Zwiebel""}",1.0,stück
862,zwiebel,1,"{""anzahl"": 1, ""einheit"": ""St\u00fcck""}","{""zutat"": ""Zwiebel""}",1.0,stück
703,zwiebel,1 kleine,"{""anzahl"": 1, ""einheit"": ""St\u00fcck""}","{""zutat"": ""Zwiebel"", ""eigenschaft"": ""klein""}",1.0,stück
797,zwiebel,1 kleine,"{""anzahl"": 1, ""einheit"": ""St\u00fcck""}","{""zutat"": ""Zwiebel"", ""eigenschaft"": ""klein""}",1.0,stück
868,zwiebel,1 kleine,"{""anzahl"": 1, ""einheit"": ""St\u00fcck""}","{""zutat"": ""Zwiebel"", ""eigenschaft"": ""klein""}",1.0,stück
4,zwiebel frisch,1,"{""anzahl"": 1, ""einheit"": ""St\u00fcck""}","{""zutat"": ""Zwiebel"", ""eigenschaft"": ""frisch""}",1.0,stück
38,zwiebel frisch,1,"{""anzahl"": 1, ""einheit"": ""St\u00fcck""}","{""zutat"": ""Zwiebel"", ""eigenschaft"": ""frisch""}",1.0,stück
101,zwiebel frisch,1,"{""anzahl"": 1, ""einheit"": ""St\u00fcck""}","{""zutat"": ""Zwiebel"", ""eigenschaft"": ""frisch""}",1.0,stück
604,zwiebel frisch,1,"{""anzahl"": 1, ""einheit"": ""St\u00fcck""}","{""zutat"": ""Zwiebel"", ""eigenschaft"": ""frisch""}",1.0,stück
783,zwiebel frisch,1,"{""anzahl"": 1, ""einheit"": ""St\u00fcck""}","{""zutat"": ""Zwiebel"", ""eigenschaft"": ""frisch""}",1.0,stück
874,zwiebel frisch,1,"{""anzahl"": 1, ""einheit"": ""St\u00fcck""}","{""zutat"": ""Zwiebel"", ""eigenschaft"": ""frisch""}",1.0,stück
417,zwiebel gewürfelt,0.5 stk.,"{""anzahl"": 0.5, ""einheit"": ""stk.""}","{""zutat"": ""Zwiebel"", ""eigenschaft"": ""gew\u00fcrfelt""}",0.5,stück
430,zwiebel gewürfelt,0.5 stk.,"{""anzahl"": 0.5, ""einheit"": ""stk.""}","{""zutat"": ""Zwiebel"", ""eigenschaft"": ""gew\u00fcrfelt""}",0.5,stück
433,zwiebel gewürfelt,0.5 stk.,"{""anzahl"": 0.5, ""einheit"": ""stk.""}","{""zutat"": ""Zwiebel"", ""eigenschaft"": ""gew\u00fcrfelt""}",0.5,stück
479,zwiebel gewürfelt,0.5 stk.,"{""anzahl"": 0.5, ""einheit"": ""stk.""}","{""zutat"": ""Zwiebel"", ""eigenschaft"": ""gew\u00fcrfelt""}",0.5,stück
488,zwiebel gewürfelt,0.5 stk.,"{""anzahl"": 0.5, ""einheit"": ""stk.""}","{""zutat"": ""Zwiebel"", ""eigenschaft"": ""gew\u00fcrfelt""}",0.5,stück
648,zwiebel gewürfelt,0.5 stk.,"{""anzahl"": 0.5, ""einheit"": ""stk.""}","{""zutat"": ""Zwiebel"", ""eigenschaft"": ""gew\u00fcrfelt""}",0.5,stück
63,zwiebel gewürfelt,1 stk.,"{""anzahl"": 1, ""einheit"": ""stk.""}","{""zutat"": ""Zwiebel"", ""eigenschaft"": ""gew\u00fcrfelt""}",1.0,stück
92,zwiebel gewürfelt,1 stk.,"{""anzahl"": 1, ""einheit"": ""stk.""}","{""zutat"": ""Zwiebel"", ""eigenschaft"": ""gew\u00fcrfelt""}",1.0,stück
332,zwiebel gewürfelt,1 stk.,"{""anzahl"": 1, ""einheit"": ""stk.""}","{""zutat"": ""Zwiebel"", ""eigenschaft"": ""gew\u00fcrfelt""}",1.0,stück
584,zwiebel gewürfelt,1 stk.,"{""anzahl"": 1, ""einheit"": ""stk.""}","{""zutat"": ""Zwiebel"", ""eigenschaft"": ""gew\u00fcrfelt""}",1.0,stück
694,zwiebel gewürfelt,1 stk.,"{""anzahl"": 1, ""einheit"": ""stk.""}","{""zutat"": ""Zwiebel"", ""eigenschaft"": ""gew\u00fcrfelt""}",1.0,stück
282,äpfel,2,"{""anzahl"": 2, ""einheit"": ""St\u00fcck""}","{""zutat"": ""Apfel""}",2.0,stück
395,äpfel,2,"{""anzahl"": 2, ""einheit"": ""St\u00fcck""}","{""zutat"": ""Apfel""}",2.0,stück
